epoch,places,demand,T,C,S,A,revisits,iterations
0,360,1800,0.4,0.2922222222222222,0.2,0.10777777777777778,14027,89
